{"cameraMode":{"drawMode":0,"name":"Shaded","section":"Shading Mode"},"sceneLighting":false,"audioPlay":false,"sceneViewState":{"showFog":true,"showMaterialUpdate":false,"showSkybox":true,"showFlares":true,"showImageEffects":true,"showParticleSystems":true},"in2DMode":false,"pivot":{"x":-9.448711395263672,"y":-1.575892448425293,"z":-1.2902803421020508},"rotation":{"x":-0.11314888298511505,"y":0.2539675235748291,"z":-0.029926329851150514,"w":-0.960105299949646},"size":17.861207962036134,"orthographic":false}