{"cameraMode":{"drawMode":0,"name":"Shaded","section":"Shading Mode"},"sceneLighting":true,"audioPlay":false,"sceneViewState":{"showFog":true,"showMaterialUpdate":false,"showSkybox":true,"showFlares":true,"showImageEffects":true,"showParticleSystems":true},"in2DMode":false,"pivot":{"x":0.09119629859924317,"y":0.3519878387451172,"z":-0.5421871542930603},"rotation":{"x":-0.4473782777786255,"y":0.5064467787742615,"z":-0.34894514083862307,"w":-0.6493085622787476},"size":8.928899765014649,"orthographic":false}