{"cameraMode":{"drawMode":0,"name":"Shaded","section":"Shading Mode"},"sceneLighting":false,"audioPlay":false,"sceneViewState":{"showFog":true,"showMaterialUpdate":false,"showSkybox":false,"showFlares":true,"showImageEffects":true,"showParticleSystems":true},"in2DMode":false,"pivot":{"x":1.9240000247955323,"y":0.0,"z":-0.5320000648498535},"rotation":{"x":-0.4473782777786255,"y":0.5064467787742615,"z":-0.34894514083862307,"w":-0.6493085622787476},"size":2.8578836917877199,"orthographic":false}