{"cameraMode":{"drawMode":0,"name":"Shaded","section":"Shading Mode"},"sceneLighting":true,"audioPlay":false,"sceneViewState":{"showFog":true,"showMaterialUpdate":false,"showSkybox":true,"showFlares":true,"showImageEffects":true,"showParticleSystems":true},"in2DMode":false,"pivot":{"x":-0.29520538449287417,"y":0.5606698989868164,"z":-0.131742924451828},"rotation":{"x":-0.1430455595254898,"y":0.5933470726013184,"z":-0.10816098749637604,"w":-0.7847155332565308},"size":8.928899765014649,"orthographic":false}