{"cameraMode":{"drawMode":0,"name":"Shaded","section":"Shading Mode"},"sceneLighting":true,"audioPlay":false,"sceneViewState":{"showFog":true,"showMaterialUpdate":false,"showSkybox":true,"showFlares":true,"showImageEffects":true,"showParticleSystems":true},"in2DMode":false,"pivot":{"x":0.1149040162563324,"y":-0.030076177790760995,"z":0.08774757385253906},"rotation":{"x":0.15656347572803498,"y":-0.7283578515052795,"z":0.17731840908527375,"w":0.6430714726448059},"size":6.383447647094727,"orthographic":false}